0,NaN,NaN,NaN
0,NaN,NaN,NaN
0,NaN,NaN,NaN
1,7.294620825,7.65,0.0151459710912223
1,0.598036025,20.8,0.0417499292114799
