0,NaN,NaN,NaN
0,NaN,NaN,NaN
0,NaN,NaN,NaN
0.95,41.1406694,8.36842105263158,0.010384842747524
0.95,1.88341685263158,24.5263157894737,0.0318871920899988
