0,NaN,NaN,NaN
0,NaN,NaN,NaN
0,NaN,NaN,NaN
0.95,143.014503036842,8.57894736842105,0.00783395367865767
0.95,4.60181990526316,28.6315789473684,0.0165533093152458
